key [1]: 65536 ,1536659794691402
key [1]: 1 ,1536659794691833
key [1]: 2 ,1536659794693032
key [1]: 3 ,1536659794693257
key [1]: 4 ,1536659794694324
key [1]: 5 ,1536659794694683
key [1]: 4 ,1536659794714365
key [1]: 5 ,1536659794714509
key [1]: 2 ,1536659794718690
key [1]: 3 ,1536659794718833
key [1]: 1 ,1536659794723305
key [1]: 65536 ,1536659794723586
key [1]: 5 ,1536659795728215
key [1]: 4 ,1536659795728404
key [1]: 2 ,1536659795732652
key [1]: 3 ,1536659795732831
key [1]: 65536 ,1536659795737781
key [1]: 1 ,1536659795737915
key [1]: 4 ,1536659796745122
key [1]: 5 ,1536659796745257
key [1]: 2 ,1536659796749609
key [1]: 3 ,1536659796749742
key [1]: 65536 ,1536659796754519
key [1]: 1 ,1536659796754612
key [1]: 5 ,1536659797761534
key [1]: 4 ,1536659797761743
key [1]: 2 ,1536659797766081
key [1]: 3 ,1536659797766249
key [1]: 65536 ,1536659797771200
key [1]: 1 ,1536659797771322
key [1]: 4 ,1536659798778627
key [1]: 5 ,1536659798778821
key [1]: 2 ,1536659798783135
key [1]: 3 ,1536659798783302
key [1]: 65536 ,1536659798788405
key [1]: 1 ,1536659798788538
key [1]: 4 ,1536659799795116
key [1]: 5 ,1536659799795276
key [1]: 2 ,1536659799799656
key [1]: 3 ,1536659799799848
key [1]: 65536 ,1536659799804864
key [1]: 1 ,1536659799804996
key [1]: 4 ,1536659800812354
key [1]: 5 ,1536659800812499
key [1]: 2 ,1536659800816869
key [1]: 3 ,1536659800817044
key [1]: 65536 ,1536659800822015
key [1]: 1 ,1536659800822131
key [1]: 4 ,1536659801828698
key [1]: 5 ,1536659801828763
key [1]: 2 ,1536659801833156
key [1]: 3 ,1536659801833269
key [1]: 65536 ,1536659801838343
key [1]: 1 ,1536659801838473
key [1]: 5 ,1536659802843642
key [1]: 4 ,1536659802843798
key [1]: 2 ,1536659802847885
key [1]: 3 ,1536659802848005
key [1]: 65536 ,1536659802853077
key [1]: 1 ,1536659802853197
key [1]: 4 ,1536659803862374
key [1]: 5 ,1536659803862535
key [1]: 2 ,1536659803866775
key [1]: 3 ,1536659803866963
key [1]: 65536 ,1536659803871970
key [1]: 1 ,1536659803872139
key [1]: 4 ,1536659804878842
key [1]: 5 ,1536659804879056
key [1]: 2 ,1536659804881769
key [1]: 3 ,1536659804881960
key [1]: 65536 ,1536659804886967
key [1]: 1 ,1536659804887546
key [1]: 5 ,1536659805894734
key [1]: 4 ,1536659805894925
key [1]: 2 ,1536659805899166
key [1]: 3 ,1536659805899365
key [1]: 65536 ,1536659805904317
key [1]: 1 ,1536659805904432
key [1]: 5 ,1536659806911111
key [1]: 4 ,1536659806911299
key [1]: 2 ,1536659806915685
key [1]: 3 ,1536659806915841
key [1]: 65536 ,1536659806920982
key [1]: 1 ,1536659806921125
key [1]: 5 ,1536659807929862
key [1]: 4 ,1536659807930109
key [1]: 2 ,1536659807932516
key [1]: 3 ,1536659807932686
key [1]: 65536 ,1536659807937736
key [1]: 1 ,1536659807937850
key [1]: 5 ,1536659808944578
key [1]: 4 ,1536659808944767
key [1]: 2 ,1536659808949095
key [1]: 3 ,1536659808949318
key [1]: 1 ,1536659808953661
key [1]: 65536 ,1536659808954212
key [1]: 4 ,1536659809961671
key [1]: 5 ,1536659809961791
key [1]: 2 ,1536659809966057
key [1]: 3 ,1536659809966202
key [1]: 65536 ,1536659809971274
key [1]: 1 ,1536659809971387
key [1]: 5 ,1536659810977160
key [1]: 4 ,1536659810977364
key [1]: 3 ,1536659810981560
key [1]: 2 ,1536659810981787
key [1]: 65536 ,1536659810986797
key [1]: 1 ,1536659810986908
key [1]: 4 ,1536659811994075
key [1]: 5 ,1536659811994267
key [1]: 2 ,1536659811999238
key [1]: 3 ,1536659811999482
key [1]: 65536 ,1536659812003716
key [1]: 1 ,1536659812003871
key [1]: 5 ,1536659813011195
key [1]: 4 ,1536659813011329
key [1]: 2 ,1536659813015639
key [1]: 3 ,1536659813015808
key [1]: 65536 ,1536659813020924
key [1]: 1 ,1536659813021052
key [1]: 4 ,1536659814027812
key [1]: 5 ,1536659814027986
key [1]: 2 ,1536659814032198
key [1]: 3 ,1536659814032395
key [1]: 65536 ,1536659814037434
key [1]: 1 ,1536659814037584
key [1]: 4 ,1536659815045089
key [1]: 5 ,1536659815045268
key [1]: 2 ,1536659815049596
key [1]: 3 ,1536659815049762
key [1]: 65536 ,1536659815054865
key [1]: 1 ,1536659815054991
key [1]: 4 ,1536659816061774
key [1]: 5 ,1536659816061832
key [1]: 2 ,1536659816066030
key [1]: 3 ,1536659816066186
key [1]: 65536 ,1536659816071318
key [1]: 1 ,1536659816071457
key [1]: 4 ,1536659817078859
key [1]: 5 ,1536659817079021
key [1]: 2 ,1536659817083297
key [1]: 3 ,1536659817083485
key [1]: 65536 ,1536659817088610
key [1]: 1 ,1536659817088739
key [1]: 5 ,1536659818095230
key [1]: 4 ,1536659818095428
key [1]: 2 ,1536659818099731
key [1]: 3 ,1536659818099904
key [1]: 65536 ,1536659818104910
key [1]: 1 ,1536659818105017
key [1]: 5 ,1536659819112394
key [1]: 4 ,1536659819112585
key [1]: 2 ,1536659819116886
key [1]: 3 ,1536659819117018
key [1]: 65536 ,1536659819122125
key [1]: 1 ,1536659819122272
key [1]: 5 ,1536659820128776
key [1]: 4 ,1536659820128978
key [1]: 2 ,1536659820133262
key [1]: 3 ,1536659820133435
key [1]: 65536 ,1536659820138446
key [1]: 1 ,1536659820138571
key [1]: 5 ,1536659821143725
key [1]: 4 ,1536659821143925
key [1]: 2 ,1536659821148316
key [1]: 3 ,1536659821148505
key [1]: 65536 ,1536659821153416
key [1]: 1 ,1536659821153529
key [1]: 5 ,1536659822160109
key [1]: 4 ,1536659822160335
key [1]: 3 ,1536659822164571
key [1]: 2 ,1536659822164784
key [1]: 65536 ,1536659822169697
key [1]: 1 ,1536659822169807
key [1]: 5 ,1536659823177232
key [1]: 4 ,1536659823177391
key [1]: 2 ,1536659823181622
key [1]: 3 ,1536659823181729
key [1]: 65536 ,1536659823186880
key [1]: 1 ,1536659823187015
key [1]: 5 ,1536659824193478
key [1]: 4 ,1536659824193672
key [1]: 2 ,1536659824197958
key [1]: 3 ,1536659824198110
key [1]: 65536 ,1536659824203192
key [1]: 1 ,1536659824203304
key [1]: 5 ,1536659825210359
key [1]: 4 ,1536659825210532
key [1]: 2 ,1536659825214731
key [1]: 3 ,1536659825214867
key [1]: 65536 ,1536659825220062
key [1]: 1 ,1536659825220168
key [1]: 4 ,1536659826226691
key [1]: 5 ,1536659826226866
key [1]: 2 ,1536659826231163
key [1]: 3 ,1536659826231367
key [1]: 65536 ,1536659826236356
key [1]: 1 ,1536659826236482
key [1]: 5 ,1536659827243468
key [1]: 4 ,1536659827243677
key [1]: 2 ,1536659827247938
key [1]: 3 ,1536659827248136
key [1]: 65536 ,1536659827253138
key [1]: 1 ,1536659827253244
key [1]: 5 ,1536659828259249
key [1]: 4 ,1536659828259391
key [1]: 2 ,1536659828263744
key [1]: 3 ,1536659828263860
key [1]: 65536 ,1536659828268864
key [1]: 1 ,1536659828268940
key [1]: 5 ,1536659829276433
key [1]: 4 ,1536659829276647
key [1]: 2 ,1536659829280808
key [1]: 3 ,1536659829280962
key [1]: 65536 ,1536659829285956
key [1]: 1 ,1536659829286085
key [1]: 5 ,1536659830292859
key [1]: 4 ,1536659830293061
key [1]: 2 ,1536659830297450
key [1]: 3 ,1536659830297517
key [1]: 1 ,1536659830301907
key [1]: 65536 ,1536659830302380
key [1]: 5 ,1536659831310093
key [1]: 4 ,1536659831310218
key [1]: 2 ,1536659831314476
key [1]: 3 ,1536659831314638
key [1]: 65536 ,1536659831319638
key [1]: 1 ,1536659831319763
key [1]: 4 ,1536659832326651
key [1]: 5 ,1536659832326845
key [1]: 2 ,1536659832331150
key [1]: 3 ,1536659832331310
key [1]: 65536 ,1536659832336310
key [1]: 1 ,1536659832336438
key [1]: 5 ,1536659833343795
key [1]: 4 ,1536659833344001
key [1]: 2 ,1536659833348252
key [1]: 3 ,1536659833348419
key [1]: 65536 ,1536659833353335
key [1]: 1 ,1536659833353455
key [1]: 4 ,1536659834360506
key [1]: 5 ,1536659834360708
key [1]: 2 ,1536659834364821
key [1]: 3 ,1536659834365011
key [1]: 65536 ,1536659834369967
key [1]: 1 ,1536659834370087
key [1]: 4 ,1536659835377760
key [1]: 5 ,1536659835377939
key [1]: 2 ,1536659835382058
key [1]: 3 ,1536659835382257
key [1]: 65536 ,1536659835387261
key [1]: 1 ,1536659835387385
key [1]: 5 ,1536659836393851
key [1]: 4 ,1536659836394062
key [1]: 2 ,1536659836398317
key [1]: 3 ,1536659836398526
key [1]: 65536 ,1536659836403476
key [1]: 1 ,1536659836403598
key [1]: 5 ,1536659837410838
key [1]: 4 ,1536659837411043
key [1]: 2 ,1536659837415349
key [1]: 3 ,1536659837415535
key [1]: 1 ,1536659837419945
key [1]: 65536 ,1536659837420382
key [1]: 5 ,1536659838426795
key [1]: 4 ,1536659838426925
key [1]: 2 ,1536659838431194
key [1]: 3 ,1536659838431357
key [1]: 65536 ,1536659838436328
key [1]: 1 ,1536659838436441
key [1]: 5 ,1536659839443986
key [1]: 4 ,1536659839444115
key [1]: 2 ,1536659839448364
key [1]: 3 ,1536659839448527
key [1]: 65536 ,1536659839453641
key [1]: 1 ,1536659839453756
key [1]: 4 ,1536659840460124
key [1]: 5 ,1536659840460262
key [1]: 2 ,1536659840464640
key [1]: 3 ,1536659840464761
key [1]: 65536 ,1536659840469687
key [1]: 1 ,1536659840469770
key [1]: 4 ,1536659841478092
key [1]: 5 ,1536659841478211
key [1]: 2 ,1536659841482428
key [1]: 3 ,1536659841482608
key [1]: 65536 ,1536659841487727
key [1]: 1 ,1536659841487839
key [1]: 4 ,1536659842495130
key [1]: 5 ,1536659842495215
key [1]: 2 ,1536659842499494
key [1]: 3 ,1536659842499684
key [1]: 65536 ,1536659842504737
key [1]: 1 ,1536659842504864
key [1]: 5 ,1536659843511516
key [1]: 4 ,1536659843511666
key [1]: 2 ,1536659843515957
key [1]: 3 ,1536659843516140
key [1]: 65536 ,1536659843521214
key [1]: 1 ,1536659843521320
key [1]: 4 ,1536659844527614
key [1]: 5 ,1536659844527786
key [1]: 2 ,1536659844532050
key [1]: 3 ,1536659844532171
key [1]: 65536 ,1536659844537257
key [1]: 1 ,1536659844537385
key [1]: 4 ,1536659845542616
key [1]: 5 ,1536659845542876
key [1]: 2 ,1536659845547624
key [1]: 3 ,1536659845547674
key [1]: 65536 ,1536659845552084
key [1]: 1 ,1536659845552203
key [1]: 4 ,1536659846559024
key [1]: 5 ,1536659846559146
key [1]: 2 ,1536659846564466
key [1]: 3 ,1536659846564546
key [1]: 1 ,1536659846568306
key [1]: 65536 ,1536659846568843
key [1]: 5 ,1536659847576111
key [1]: 4 ,1536659847576253
key [1]: 2 ,1536659847580675
key [1]: 3 ,1536659847580856
key [1]: 65536 ,1536659847585835
key [1]: 1 ,1536659847585961
key [1]: 5 ,1536659848592806
key [1]: 4 ,1536659848593010
key [1]: 2 ,1536659848597303
key [1]: 3 ,1536659848598672
key [1]: 65536 ,1536659848602378
key [1]: 1 ,1536659848602513
key [1]: 5 ,1536659849607923
key [1]: 4 ,1536659849607975
key [1]: 2 ,1536659849612287
key [1]: 3 ,1536659849612496
key [1]: 65536 ,1536659849617499
key [1]: 1 ,1536659849617609
key [1]: 5 ,1536659850624151
key [1]: 4 ,1536659850624392
key [1]: 2 ,1536659850628721
key [1]: 3 ,1536659850628903
key [1]: 1 ,1536659850633252
key [1]: 65536 ,1536659850633689
key [1]: 4 ,1536659851641241
key [1]: 5 ,1536659851641404
key [1]: 2 ,1536659851645772
key [1]: 3 ,1536659851645962
key [1]: 65536 ,1536659851650939
key [1]: 1 ,1536659851651046
key [1]: 4 ,1536659852651103
key [1]: 5 ,1536659852653288
key [1]: 2 ,1536659852655618
key [1]: 3 ,1536659852655786
key [1]: 65536 ,1536659852660793
key [1]: 1 ,1536659852660908
key [1]: 4 ,1536659853671429
key [1]: 5 ,1536659853671621
key [1]: 2 ,1536659853675821
key [1]: 3 ,1536659853675965
key [1]: 65536 ,1536659853681057
key [1]: 1 ,1536659853681180
key [1]: 5 ,1536659854688174
key [1]: 4 ,1536659854688398
key [1]: 2 ,1536659854692565
key [1]: 3 ,1536659854692723
key [1]: 65536 ,1536659854697741
key [1]: 1 ,1536659854697848
key [1]: 5 ,1536659855705022
key [1]: 4 ,1536659855705240
key [1]: 3 ,1536659855709487
key [1]: 2 ,1536659855709725
key [1]: 65536 ,1536659855714750
key [1]: 1 ,1536659855714903
key [1]: 5 ,1536659856721672
key [1]: 4 ,1536659856721721
key [1]: 2 ,1536659856726112
key [1]: 3 ,1536659856726289
key [1]: 65536 ,1536659856731171
key [1]: 1 ,1536659856731317
key [1]: 4 ,1536659857738637
key [1]: 5 ,1536659857738808
key [1]: 2 ,1536659857743112
key [1]: 3 ,1536659857743317
key [1]: 65536 ,1536659857748372
key [1]: 1 ,1536659857748522
key [1]: 5 ,1536659858754770
key [1]: 4 ,1536659858754946
key [1]: 2 ,1536659858759178
key [1]: 3 ,1536659858759355
key [1]: 65536 ,1536659858764500
key [1]: 1 ,1536659858764609
key [1]: 5 ,1536659859771929
key [1]: 4 ,1536659859772120
key [1]: 2 ,1536659859776495
key [1]: 3 ,1536659859776686
key [1]: 65536 ,1536659859781613
key [1]: 1 ,1536659859781749
key [1]: 4 ,1536659860781509
key [1]: 5 ,1536659860781668
key [1]: 2 ,1536659860785923
key [1]: 3 ,1536659860786085
key [1]: 65536 ,1536659860791303
key [1]: 1 ,1536659860791431
key [1]: 4 ,1536659861798455
key [1]: 5 ,1536659861798574
key [1]: 2 ,1536659861802834
key [1]: 3 ,1536659861802998
key [1]: 65536 ,1536659861807950
key [1]: 1 ,1536659861808077
key [1]: 4 ,1536659862815570
key [1]: 5 ,1536659862815681
key [1]: 2 ,1536659862819929
key [1]: 3 ,1536659862819990
key [1]: 65536 ,1536659862820307
key [1]: 1 ,1536659862820416
key [1]: 4 ,1536659863831192
key [1]: 5 ,1536659863831395
key [1]: 2 ,1536659863835641
key [1]: 3 ,1536659863835802
key [1]: 65536 ,1536659863840803
key [1]: 1 ,1536659863840939
key [1]: 5 ,1536659864848484
key [1]: 4 ,1536659864848669
key [1]: 2 ,1536659864852833
key [1]: 3 ,1536659864853012
key [1]: 65536 ,1536659864858100
key [1]: 1 ,1536659864858205
key [1]: 5 ,1536659865864404
key [1]: 4 ,1536659865864605
key [1]: 2 ,1536659865868733
key [1]: 3 ,1536659865868911
key [1]: 65536 ,1536659865874090
key [1]: 1 ,1536659865874197
key [1]: 4 ,1536659866881323
key [1]: 5 ,1536659866881497
key [1]: 2 ,1536659866885925
key [1]: 3 ,1536659866886126
key [1]: 65536 ,1536659866891118
key [1]: 1 ,1536659866891230
key [1]: 4 ,1536659867897933
key [1]: 5 ,1536659867898120
key [1]: 2 ,1536659867902449
key [1]: 3 ,1536659867902628
key [1]: 65536 ,1536659867907508
key [1]: 1 ,1536659867907636
key [1]: 4 ,1536659868914992
key [1]: 5 ,1536659868915185
key [1]: 2 ,1536659868919366
key [1]: 3 ,1536659868919572
key [1]: 65536 ,1536659868924586
key [1]: 1 ,1536659868924729
key [1]: 4 ,1536659869931480
key [1]: 5 ,1536659869931669
key [1]: 2 ,1536659869935877
key [1]: 3 ,1536659869936079
key [1]: 65536 ,1536659869941210
key [1]: 1 ,1536659869941341
key [1]: 4 ,1536659870946979
key [1]: 5 ,1536659870947171
key [1]: 3 ,1536659870951443
key [1]: 2 ,1536659870951683
key [1]: 65536 ,1536659870956691
key [1]: 1 ,1536659870956817
key [1]: 4 ,1536659871963897
key [1]: 5 ,1536659871964081
key [1]: 2 ,1536659871968363
key [1]: 3 ,1536659871968558
key [1]: 1 ,1536659871972951
key [1]: 65536 ,1536659871973472
key [1]: 4 ,1536659872981476
key [1]: 5 ,1536659872981661
key [1]: 2 ,1536659872986017
key [1]: 3 ,1536659872986192
key [1]: 65536 ,1536659872991252
key [1]: 1 ,1536659872991469
key [1]: 5 ,1536659873998806
key [1]: 4 ,1536659873999025
key [1]: 2 ,1536659874003236
key [1]: 3 ,1536659874003413
key [1]: 65536 ,1536659874008385
key [1]: 1 ,1536659874008525
key [1]: 4 ,1536659875015267
key [1]: 5 ,1536659875015458
key [1]: 2 ,1536659875019659
key [1]: 3 ,1536659875019853
key [1]: 65536 ,1536659875024806
key [1]: 1 ,1536659875024924
key [1]: 5 ,1536659876032254
key [1]: 4 ,1536659876032495
key [1]: 2 ,1536659876036733
key [1]: 3 ,1536659876036868
key [1]: 65536 ,1536659876041990
key [1]: 1 ,1536659876042113
key [1]: 4 ,1536659877048480
key [1]: 5 ,1536659877048664
key [1]: 2 ,1536659877052717
key [1]: 3 ,1536659877052925
key [1]: 65536 ,1536659877057895
key [1]: 1 ,1536659877057998
key [1]: 5 ,1536659878064611
key [1]: 4 ,1536659878064749
key [1]: 2 ,1536659878069138
key [1]: 3 ,1536659878069274
key [1]: 65536 ,1536659878074125
key [1]: 1 ,1536659878074205
key [1]: 4 ,1536659879078781
key [1]: 5 ,1536659879078951
key [1]: 2 ,1536659879083302
key [1]: 3 ,1536659879083495
key [1]: 65536 ,1536659879088431
key [1]: 1 ,1536659879088556
key [1]: 4 ,1536659880096572
key [1]: 5 ,1536659880096741
key [1]: 2 ,1536659880100950
key [1]: 3 ,1536659880101136
key [1]: 1 ,1536659880105558
key [1]: 65536 ,1536659880106108
key [1]: 5 ,1536659881113838
key [1]: 4 ,1536659881113961
key [1]: 2 ,1536659881118329
key [1]: 3 ,1536659881118428
key [1]: 65536 ,1536659881123224
key [1]: 1 ,1536659881123371
key [1]: 5 ,1536659882129502
key [1]: 4 ,1536659882129646
key [1]: 2 ,1536659882134057
key [1]: 3 ,1536659882134166
key [1]: 65536 ,1536659882139220
key [1]: 1 ,1536659882139360
key [1]: 4 ,1536659883145765
key [1]: 5 ,1536659883146999
key [1]: 3 ,1536659883150174
key [1]: 2 ,1536659883150397
key [1]: 65536 ,1536659883155512
key [1]: 1 ,1536659883155659
key [1]: 4 ,1536659884162510
key [1]: 5 ,1536659884162679
key [1]: 2 ,1536659884166808
key [1]: 3 ,1536659884166955
key [1]: 1 ,1536659884171595
key [1]: 65536 ,1536659884172181
key [1]: 5 ,1536659885178818
key [1]: 4 ,1536659885178984
key [1]: 2 ,1536659885183154
key [1]: 3 ,1536659885183283
key [1]: 65536 ,1536659885188297
key [1]: 1 ,1536659885188426
key [1]: 4 ,1536659886194044
key [1]: 5 ,1536659886194216
key [1]: 2 ,1536659886198417
key [1]: 3 ,1536659886198604
key [1]: 65536 ,1536659886203531
key [1]: 1 ,1536659886203634
key [1]: 4 ,1536659887212148
key [1]: 5 ,1536659887212348
key [1]: 2 ,1536659887215591
key [1]: 3 ,1536659887215777
key [1]: 65536 ,1536659887220137
key [1]: 1 ,1536659887220276
key [1]: 4 ,1536659888227736
key [1]: 5 ,1536659888227924
key [1]: 2 ,1536659888232142
key [1]: 3 ,1536659888232313
key [1]: 65536 ,1536659888237347
key [1]: 1 ,1536659888237473
key [1]: 5 ,1536659889244046
key [1]: 4 ,1536659889244251
key [1]: 2 ,1536659889248432
key [1]: 3 ,1536659889248640
key [1]: 65536 ,1536659889253691
key [1]: 1 ,1536659889253820
key [1]: 5 ,1536659890261211
key [1]: 4 ,1536659890261391
key [1]: 2 ,1536659890265684
key [1]: 3 ,1536659890265868
key [1]: 65536 ,1536659890270905
key [1]: 1 ,1536659890271025
key [1]: 4 ,1536659891277896
key [1]: 5 ,1536659891278073
key [1]: 2 ,1536659891282272
key [1]: 3 ,1536659891282412
key [1]: 65536 ,1536659891287476
key [1]: 1 ,1536659891287601
key [1]: 5 ,1536659892294931
key [1]: 4 ,1536659892295135
key [1]: 2 ,1536659892299348
key [1]: 3 ,1536659892299535
key [1]: 65536 ,1536659892304630
key [1]: 1 ,1536659892304746
key [1]: 5 ,1536659893311546
key [1]: 4 ,1536659893311741
key [1]: 2 ,1536659893315959
key [1]: 3 ,1536659893316113
key [1]: 65536 ,1536659893321164
key [1]: 1 ,1536659893321291
key [1]: 4 ,1536659894328498
key [1]: 5 ,1536659894328656
key [1]: 2 ,1536659894333005
key [1]: 3 ,1536659894333170
key [1]: 65536 ,1536659894338109
key [1]: 1 ,1536659894338236
key [1]: 4 ,1536659895345403
key [1]: 5 ,1536659895345607
key [1]: 2 ,1536659895349755
key [1]: 3 ,1536659895349925
key [1]: 65536 ,1536659895354889
key [1]: 1 ,1536659895355015
key [1]: 4 ,1536659896362322
key [1]: 5 ,1536659896362497
key [1]: 2 ,1536659896366848
key [1]: 3 ,1536659896367002
key [1]: 65536 ,1536659896372086
key [1]: 1 ,1536659896372214
key [1]: 4 ,1536659897379368
key [1]: 5 ,1536659897379546
key [1]: 2 ,1536659897383823
key [1]: 3 ,1536659897384004
key [1]: 65536 ,1536659897389014
key [1]: 1 ,1536659897389138
key [1]: 4 ,1536659898395733
key [1]: 5 ,1536659898395931
key [1]: 2 ,1536659898400176
key [1]: 3 ,1536659898400381
key [1]: 1 ,1536659898404753
key [1]: 65536 ,1536659898405244
key [1]: 4 ,1536659899413024
key [1]: 5 ,1536659899413212
key [1]: 2 ,1536659899417288
key [1]: 3 ,1536659899417487
key [1]: 65536 ,1536659899422503
key [1]: 1 ,1536659899422622
key [1]: 5 ,1536659900429213
key [1]: 4 ,1536659900429405
key [1]: 2 ,1536659900433789
key [1]: 3 ,1536659900433947
key [1]: 65536 ,1536659900438990
key [1]: 1 ,1536659900439096
key [1]: 4 ,1536659901446264
key [1]: 5 ,1536659901446453
key [1]: 2 ,1536659901450735
key [1]: 3 ,1536659901450839
key [1]: 65536 ,1536659901455822
key [1]: 1 ,1536659901455943
key [1]: 4 ,1536659902462981
key [1]: 5 ,1536659902463159
key [1]: 2 ,1536659902467490
key [1]: 3 ,1536659902467670
key [1]: 65536 ,1536659902472633
key [1]: 1 ,1536659902472749
key [1]: 4 ,1536659903480127
key [1]: 5 ,1536659903480256
key [1]: 2 ,1536659903484742
key [1]: 3 ,1536659903484925
key [1]: 65536 ,1536659903489744
key [1]: 1 ,1536659903489852
key [1]: 5 ,1536659904496407
key [1]: 4 ,1536659904496588
key [1]: 2 ,1536659904500776
key [1]: 3 ,1536659904500915
key [1]: 65536 ,1536659904506021
key [1]: 1 ,1536659904506162
key [1]: 4 ,1536659905514178
key [1]: 5 ,1536659905514353
key [1]: 2 ,1536659905518339
key [1]: 3 ,1536659905518469
key [1]: 65536 ,1536659905523520
key [1]: 1 ,1536659905523662
key [1]: 5 ,1536659906530151
key [1]: 4 ,1536659906530332
key [1]: 2 ,1536659906534693
key [1]: 3 ,1536659906534842
key [1]: 65536 ,1536659906539860
key [1]: 1 ,1536659906540000
key [1]: 4 ,1536659907546597
key [1]: 5 ,1536659907546796
key [1]: 2 ,1536659907551065
key [1]: 3 ,1536659907551232
key [1]: 65536 ,1536659907556164
key [1]: 1 ,1536659907556324
key [1]: 5 ,1536659908563015
key [1]: 4 ,1536659908563200
key [1]: 2 ,1536659908567601
key [1]: 3 ,1536659908567734
key [1]: 65536 ,1536659908572717
key [1]: 1 ,1536659908572860
key [1]: 5 ,1536659909580351
key [1]: 4 ,1536659909580555
key [1]: 2 ,1536659909584692
key [1]: 3 ,1536659909584879
key [1]: 65536 ,1536659909589972
key [1]: 1 ,1536659909590087
key [1]: 4 ,1536659910596716
key [1]: 5 ,1536659910596907
key [1]: 2 ,1536659910601307
key [1]: 3 ,1536659910601498
key [1]: 65536 ,1536659910606505
key [1]: 1 ,1536659910606648
key [1]: 4 ,1536659911613904
key [1]: 5 ,1536659911615174
key [1]: 2 ,1536659911618398
key [1]: 3 ,1536659911618584
key [1]: 65536 ,1536659911623752
key [1]: 1 ,1536659911623897
key [1]: 4 ,1536659912630763
key [1]: 5 ,1536659912631786
key [1]: 3 ,1536659912634994
key [1]: 2 ,1536659912635125
key [1]: 65536 ,1536659912640268
key [1]: 1 ,1536659912640418
key [1]: 5 ,1536659913640051
key [1]: 4 ,1536659913640191
key [1]: 2 ,1536659913644601
key [1]: 3 ,1536659913644737
key [1]: 65536 ,1536659913649848
key [1]: 1 ,1536659913650001
key [1]: 4 ,1536659914656771
key [1]: 5 ,1536659914656888
key [1]: 2 ,1536659914661213
key [1]: 3 ,1536659914661359
key [1]: 65536 ,1536659914666462
key [1]: 1 ,1536659914666607
key [1]: 4 ,1536659915674282
key [1]: 5 ,1536659915674491
key [1]: 3 ,1536659915675397
key [1]: 2 ,1536659915675627
key [1]: 1 ,1536659915680259
key [1]: 65536 ,1536659915680770
key [1]: 5 ,1536659916690463
key [1]: 4 ,1536659916690592
key [1]: 2 ,1536659916694945
key [1]: 3 ,1536659916695136
key [1]: 65536 ,1536659916700130
key [1]: 1 ,1536659916700297
key [1]: 4 ,1536659917707613
key [1]: 5 ,1536659917708856
key [1]: 3 ,1536659917712114
key [1]: 2 ,1536659917712168
key [1]: 65536 ,1536659917716945
key [1]: 1 ,1536659917717089
key [1]: 4 ,1536659918723664
key [1]: 5 ,1536659918723834
key [1]: 2 ,1536659918728107
key [1]: 3 ,1536659918728224
key [1]: 65536 ,1536659918733218
key [1]: 1 ,1536659918733351
key [1]: 4 ,1536659919741144
key [1]: 5 ,1536659919741251
key [1]: 2 ,1536659919745400
key [1]: 3 ,1536659919745614
key [1]: 65536 ,1536659919750751
key [1]: 1 ,1536659919750897
key [1]: 4 ,1536659920757050
key [1]: 5 ,1536659920758350
key [1]: 3 ,1536659920761521
key [1]: 2 ,1536659920761735
key [1]: 65536 ,1536659920766808
key [1]: 1 ,1536659920766956
key [1]: 4 ,1536659921774213
key [1]: 5 ,1536659921774328
key [1]: 2 ,1536659921778722
key [1]: 3 ,1536659921778826
key [1]: 65536 ,1536659921783878
key [1]: 1 ,1536659921784027
key [1]: 5 ,1536659922790557
key [1]: 4 ,1536659922790752
key [1]: 2 ,1536659922795147
key [1]: 3 ,1536659922795250
key [1]: 65536 ,1536659922800295
key [1]: 1 ,1536659922800448
key [1]: 4 ,1536659923806917
key [1]: 5 ,1536659923807011
key [1]: 2 ,1536659923811339
key [1]: 3 ,1536659923811436
key [1]: 65536 ,1536659923816411
key [1]: 1 ,1536659923816523
key [1]: 4 ,1536659924824431
key [1]: 5 ,1536659924824572
key [1]: 2 ,1536659924828716
key [1]: 3 ,1536659924828819
key [1]: 1 ,1536659924833308
key [1]: 65536 ,1536659924833856
key [1]: 4 ,1536659925841666
key [1]: 5 ,1536659925841783
key [1]: 2 ,1536659925845975
key [1]: 3 ,1536659925846084
key [1]: 65536 ,1536659925851191
key [1]: 1 ,1536659925851314
key [1]: 4 ,1536659926860702
key [1]: 5 ,1536659926860885
key [1]: 2 ,1536659926862300
key [1]: 3 ,1536659926862444
key [1]: 65536 ,1536659926867547
key [1]: 1 ,1536659926867662
key [1]: 4 ,1536659927875095
key [1]: 5 ,1536659927875246
key [1]: 2 ,1536659927880263
key [1]: 3 ,1536659927880494
key [1]: 65536 ,1536659927884857
key [1]: 1 ,1536659927885233
